Name of Pizza Menus,Quantity,Categories
The Classic Deluxe Pizza,2453,Bestseller
The Barbecue Chicken Pizza,2432,Bestseller
The Hawaiian Pizza,2422,Bestseller
The Pepperoni Pizza,2418,Bestseller
The Thai Chicken Pizza,2371,Bestseller
The California Chicken Pizza,2370,Bestseller
The Sicilian Pizza,1938,Bestseller
The Spicy Italian Pizza,1924,Bestseller
The Southwest Chicken Pizza,1917,Favorit
The Big Meat Pizza,1914,Favorit
The Four Cheese Pizza,1902,Favorit
The Italian Supreme Pizza,1884,Favorit
The Vegetables + Vegetables Pizza,1526,Favorit
The Mexicana Pizza,1484,Favorit
The Napolitana Pizza,1464,Favorit
The Prosciutto and Arugula Pizza,1457,Favorit
The Pepper Salami Pizza,1446,Standar
The Spinach and Feta Pizza,1446,Standar
The Italian Capocollo Pizza,1438,Standar
The Greek Pizza,1420,Standar
The Five Cheese Pizza,1409,Standar
"The Pepperoni, Mushroom, and Peppers Pizza",1359,Standar
The Green Garden Pizza,997,Standar
The Chicken Alfredo Pizza,987,Standar
The Italian Vegetables Pizza,981,Non-Bestseller
The Chicken Pesto Pizza,973,Non-Bestseller
The Spinach Pesto Pizza,970,Non-Bestseller
The Soppressata Pizza,961,Non-Bestseller
The Spinach Supreme Pizza,950,Non-Bestseller
The Calabrese Pizza,937,Non-Bestseller
The Mediterranean Pizza,934,Non-Bestseller
The Brie Carre Pizza,490,Non-Bestseller